Model,ROC AUC,Accuracy,Precision,Recall,F1
Logistic regression,0.8514727248712192,0.7638888888888888,0.6521739130434783,0.7835820895522388,0.711864406779661
Random forest,0.8124091929731871,0.7333333333333333,0.6376811594202898,0.6567164179104478,0.6470588235294118
