Mean annual loss $m,Median annual loss $m,P75 annual loss $m,P90 annual loss $m,P95 annual loss $m,P99 annual loss $m,Probability loss above 500m,Probability loss above 1000m
718.7275539124333,654.0661521181282,1002.8605325877488,1356.917042373943,1585.8937793122213,2046.579187190092,0.63332,0.25164
